{
	"beat_times": [
		0.0580498866213152,
		0.510839002267574,
		0.952018140589569,
		1.39319727891156,
		1.84598639455782,
		2.28716553287982,
		2.72834467120181,
		3.15791383219955,
		3.59909297052154,
		4.04027210884354,
		4.4930612244898,
		4.93424036281179,
		5.38702947845805,
		5.82820861678005,
		6.26938775510204,
		6.71056689342404,
		7.14013605442177,
		7.58131519274376,
		8.02249433106576,
		8.47528344671202,
		8.92807256235828,
		9.36925170068027,
		9.81043083900227,
		10.2516099773243,
		10.681179138322,
		11.122358276644,
		11.563537414966,
		12.0163265306122,
		12.4691156462585,
		12.9102947845805,
		13.3514739229025,
		13.7926530612245,
		14.2222222222222,
		14.6634013605442,
		15.1045804988662,
		15.5573696145125,
		16.0101587301587,
		16.4513378684807,
		16.8925170068027,
		17.3336961451247,
		17.7748752834467,
		18.2044444444444,
		18.6456235827664,
		19.0984126984127,
		19.551201814059,
		19.992380952381,
		20.4219501133787
	],
	"note_types": [
		0,
		0,
		0,
		0,
		0,
		0,
		1,
		0,
		0,
		1,
		0,
		0,
		0,
		0,
		0,
		0,
		1,
		2,
		0,
		0,
		0,
		0,
		0,
		0,
		1,
		0,
		0,
		0,
		0,
		0,
		1,
		0,
		0,
		0,
		0,
		0,
		0,
		1,
		0,
		0,
		0,
		0,
		0,
		0,
		0,
		0,
		0
	],
	"tempo": 135.999177631579,
	"success": true
}