{"beat_times": [0.058049886621315196, 0.5108390022675737, 0.9520181405895691, 1.3931972789115645, 1.8459863945578232, 2.2871655328798184, 2.728344671201814, 3.1579138321995464, 3.599092970521542, 4.040272108843538, 4.493061224489796, 4.934240362811791, 5.38702947845805, 5.828208616780046, 6.2693877551020405, 6.710566893424036, 7.1401360544217685, 7.581315192743764, 8.02249433106576, 8.475283446712018, 8.928072562358278, 9.369251700680271, 9.810430839002267, 10.251609977324263, 10.681179138321996, 11.122358276643991, 11.563537414965987, 12.016326530612245, 12.469115646258503, 12.910294784580499, 13.351473922902494, 13.79265306122449, 14.222222222222221, 14.663401360544217, 15.104580498866213, 15.557369614512472, 16.01015873015873, 16.451337868480724, 16.89251700680272, 17.333696145124716, 17.77487528344671, 18.204444444444444, 18.64562358276644, 19.098412698412698, 19.551201814058956, 19.99238095238095, 20.421950113378685], "tempo": 135.99917763157896, "success": true}